olac	olac - dc:language	olac - dcterms:language	olac - dc:identifier
"
      "	English	eng	LDC2000S85
"
      "	English	eng	LDC2000S86
"
      "	English	eng	LDC2000S87
"
      "	English	eng	LDC2000S88
"
      "	Czech	ces	LDC2000S89
"
      "	English	eng	LDC2000S92
"
      "	English	eng	LDC2000S96
"
      "	English	eng	LDC2000T43
"
      "	English	eng	LDC2000T44
"
      "	Korean	kor	LDC2000T45
"
      "	English	eng	LDC2000T46
"
      "	Chinese	zho	LDC2000T46
"
      "	English	eng	LDC2000T47
"
      "	Chinese	zho	LDC2000T47
"
      "	English	eng	LDC2000T49
"
      "	English	eng	LDC2000T50
"
      "	Chinese	zho	LDC2000T50
"
      "	Spanish	spa	LDC2000T51
"
      "	Mandarin Chinese	cmn	LDC2000T52
"
      "	Czech	ces	LDC2000T53
"
      "	English	eng	LDC2000T54
"
      "	English	eng	LDC2001S04
"
      "	English	eng	LDC2001S06
"
      "	English	eng	LDC2001S08
"
      "	English	eng	LDC2001S13
"
      "	English	eng	LDC2001S15
"
      "	English	eng	LDC2004V01
"
      "	Gulf Arabic	afb	LDC2006T15
"
      "	Ngomba	jgo	LDC2001S16
"
      "	Spanish	spa	LDC2001S91
"
      "	Mandarin Chinese	cmn	LDC2001S91
"
      "	Mandarin Chinese	cmn	LDC2001S93
"
      "	English	eng	LDC2001S94
"
      "	Mandarin Chinese	cmn	LDC2001S95
"
      "	English	eng	LDC2001S97
"
      "	English	eng	LDC2001S99
"
      "	English	eng	LDC2001T02
"
      "	English	eng	LDC2001T05
"
      "	English	eng	LDC2001T07
"
      "	English	eng	LDC2001T09
"
      "	Czech	ces	LDC2001T10
"
      "	English	eng	LDC2001T10
"
      "	Mandarin Chinese	cmn	LDC2013T13
"
      "	English	eng	LDC2013T14
"
      "	Standard Arabic	arb	LDC2013T14
"
      "	Arabic	ara	LDC2013T14
"
      "	Mandarin Chinese	cmn	LDC2001T11
"
      "	English	eng	LDC2001T14
"
      "	Standard Arabic	arb	LDC2001T55
"
      "	English	eng	LDC2001T57
"
      "	Mandarin Chinese	cmn	LDC2001T57
"
      "	English	eng	LDC2001T58
"
      "	Mandarin Chinese	cmn	LDC2001T58
"
      "	Spanish	spa	LDC2001T60
"
      "	Spanish	spa	LDC2001T61
"
      "	Portuguese	por	LDC2001T62
"
      "	English	eng	LDC2002L27
"
      "	Mandarin Chinese	cmn	LDC2002L27
"
      "	Standard Arabic	arb	LDC2002L49
"
      "	English	eng	LDC2002L49
"
      "	Arabic	ara	LDC2002S02
"
      "	English	eng	LDC2002S04
"
      "	English	eng	LDC2002S06
"
      "	English	eng	LDC2002S09
"
      "	English	eng	LDC2002S10
"
      "	English	eng	LDC2002S11
"
      "	Mandarin Chinese	cmn	LDC2002S12
"
      "	English	eng	LDC2002S13
"
      "	Egyptian Arabic	arz	LDC2002S22
"
      "	English	eng	LDC2002S23
"
      "	German	deu	LDC2002S24
"
      "	Spanish	spa	LDC2002S25
"
      "	English	eng	LDC2002S28
"
      "	English	eng	LDC2002S34
"
      "	English	eng	LDC2002S35
"
      "	Egyptian Arabic	arz	LDC2002S37
"
      "	English	eng	LDC2002S56
"
      "	English	eng	LDC2002T01
"
      "	Mandarin Chinese	cmn	LDC2002T01
"
      "	English	eng	LDC2002T03
"
      "	English	eng	LDC2002T07
"
      "	Korean	kor	LDC2002T26
"
      "	English	eng	LDC2002T26
"
      "	English	eng	LDC2002T31
"
      "	Egyptian Arabic	arz	LDC2002T38
"
      "	Egyptian Arabic	arz	LDC2002T39
"
      "	Yemba	ybb	LDC2003L01
"
      "	English	eng	LDC2003L01
"
      "	French	fra	LDC2003L01
"
      "	Korean	kor	LDC2003L02
"
      "	English	eng	LDC2003S01
"
      "	Yemba	ybb	LDC2003S02
"
      "	Korean	kor	LDC2003S03
"
      "	Russian	rus	LDC2003S05
"
      "	English	eng	LDC2003S06
"
      "	Mandarin Chinese	cmn	LDC2003T01
"
      "	English	eng	LDC2003T02
"
      "	German	deu	LDC2003T03
"
      "	Spanish	spa	LDC2003T04
"
      "	English	eng	LDC2003T05
"
      "	Standard Arabic	arb	LDC2003T06
"
      "	Standard Arabic	arb	LDC2003T07
"
      "	Korean	kor	LDC2003T08
"
      "	Mandarin Chinese	cmn	LDC2003T09
"
      "	English	eng	LDC2003T10
"
      "	English	eng	LDC2003T11
"
      "	Standard Arabic	arb	LDC2003T12
"
      "	English	eng	LDC2003T13
"
      "	English	eng	LDC2003T15
"
      "	Yue Chinese	yue	LDC2003T16
"
      "	English	eng	LDC2003T16
"
      "	English	eng	LDC2003T17
"
      "	Mandarin Chinese	cmn	LDC2003T17
"
      "	English	eng	LDC2003T18
"
      "	Standard Arabic	arb	LDC2003T18
"
      "	English	eng	LDC2003V01
"
      "	Korean	kor	LDC2004L01
"
      "	English	eng	LDC2005S25
"
      "	English	eng	LDC2007T24
"
      "	Standard Arabic	arb	LDC2007T24
"
      "	English	eng	LDC2006S14
"
      "	Standard Arabic	arb	LDC2004L02
"
      "	English	eng	LDC2004L02
"
      "	Czech	ces	LDC2006T01
"
      "	Czech	ces	LDC2004S01
"
      "	English	eng	LDC2004S02
"
      "	English	eng	LDC2004S04
"
      "	English	eng	LDC2004S05
"
      "	English	eng	LDC2004S07
"
      "	English	eng	LDC2004S08
"
      "	English	eng	LDC2004S09
"
      "	English	eng	LDC2004S10
"
      "	English	eng	LDC2004S11
"
      "	No linguistic content	zxx	LDC2004S12
"
      "	Vervet Monkey Calls	zxx	LDC2004S12
"
      "	Yue Chinese	yue	LDC2012S01
"
      "	Urdu	urd	LDC2012S01
"
      "	Thai	tha	LDC2012S01
"
      "	Spanish	spa	LDC2012S01
"
      "	Russian	rus	LDC2012S01
"
      "	Korean	kor	LDC2012S01
"
      "	Hindi	hin	LDC2012S01
"
      "	Persian	fas	LDC2012S01
"
      "	English	eng	LDC2012S01
"
      "	Mandarin Chinese	cmn	LDC2012S01
"
      "	Bengali	ben	LDC2012S01
"
      "	Standard Arabic	arb	LDC2012S01
"
      "	Dari	prs	LDC2012S01
"
      "	Iranian Persian	pes	LDC2012S01
"
      "	Chinese	zho	LDC2012S01
"
      "	Arabic	ara	LDC2012S01
"
      "	Yue Chinese	yue	LDC2011S05
"
      "	Wu Chinese	wuu	LDC2011S05
"
      "	Vietnamese	vie	LDC2011S05
"
      "	Uzbek	uzb	LDC2011S05
"
      "	Urdu	urd	LDC2011S05
"
      "	Tigrinya	tir	LDC2011S05
"
      "	Thai	tha	LDC2011S05
"
      "	Tagalog	tgl	LDC2011S05
"
      "	Spanish	spa	LDC2011S05
"
      "	Russian	rus	LDC2011S05
"
      "	Panjabi	pan	LDC2011S05
"
      "	Min Nan Chinese	nan	LDC2011S05
"
      "	Lao	lao	LDC2011S05
"
      "	Korean	kor	LDC2011S05
"
      "	Central Khmer	khm	LDC2011S05
"
      "	Georgian	kat	LDC2011S05
"
      "	Japanese	jpn	LDC2011S05
"
      "	Italian	ita	LDC2011S05
"
      "	Hindi	hin	LDC2011S05
"
      "	Persian	fas	LDC2011S05
"
      "	English	eng	LDC2011S05
"
      "	Mandarin Chinese	cmn	LDC2011S05
"
      "	Bengali	ben	LDC2011S05
"
      "	Egyptian Arabic	arz	LDC2011S05
"
      "	Moroccan Arabic	ary	LDC2011S05
"
      "	Northern Khmer	kxm	LDC2011S05
"
      "	Dari	prs	LDC2011S05
"
      "	Iranian Persian	pes	LDC2011S05
"
      "	Chinese	zho	LDC2011S05
"
      "	Arabic	ara	LDC2011S05
"
      "	English	eng	LDC2011S06
"
      "	English	eng	LDC2004S13
"
      "	Czech	ces	LDC2004T01
"
      "	Standard Arabic	arb	LDC2004T02
"
      "	Korean	kor	LDC2004T03
"
      "	English	eng	LDC2006S39
"
      "	English	eng	LDC2004T04
"
      "	Mandarin Chinese	cmn	LDC2004T05
"
      "	English	eng	LDC2004T07
"
      "	Mandarin Chinese	cmn	LDC2004T07
"
      "	English	eng	LDC2004T08
"
      "	Chinese	zho	LDC2004T08
"
      "	English	eng	LDC2004T09
"
      "	Standard Arabic	arb	LDC2004T09
"
      "	Mandarin Chinese	cmn	LDC2004T09
"
      "	English	eng	LDC2004T10
"
      "	Standard Arabic	arb	LDC2004T11
"
      "	English	eng	LDC2004T12
"
      "	English	eng	LDC2004T13
"
      "	English	eng	LDC2004T14
"
      "	English	eng	LDC2004T15
"
      "	English	eng	LDC2004T16
"
      "	English	eng	LDC2004T17
"
      "	Standard Arabic	arb	LDC2004T17
"
      "	English	eng	LDC2004T18
"
      "	Standard Arabic	arb	LDC2004T18
"
      "	English	eng	LDC2004T19
"
      "	Standard Arabic	arb	LDC2004T23
"
      "	Czech	ces	LDC2004T25
"
      "	English	eng	LDC2004T25
"
      "	Mahou	mxx	LDC2005L01
"
      "	French	fra	LDC2005L01
"
      "	English	eng	LDC2005L01
"
      "	North Levantine Arabic	apc	LDC2005S07
"
      "	South Levantine Arabic	ajp	LDC2005S07
"
      "	North Levantine Arabic	apc	LDC2005S08
"
      "	South Levantine Arabic	ajp	LDC2005S08
"
      "	English	eng	LDC2005S11
"
      "	Standard Arabic	arb	LDC2005S11
"
      "	Mandarin Chinese	cmn	LDC2005S11
"
      "	English	eng	LDC2005S13
"
      "	Mandarin Chinese	cmn	LDC2005T01
"
      "	Standard Arabic	arb	LDC2005T02
"
      "	North Levantine Arabic	apc	LDC2005T03
"
      "	South Levantine Arabic	ajp	LDC2005T03
"
      "	English	eng	LDC2005T05
"
      "	Standard Arabic	arb	LDC2005T05
"
      "	English	eng	LDC2005T06
"
      "	Mandarin Chinese	cmn	LDC2005T06
"
      "	English	eng	LDC2005T07
"
      "	English	eng	LDC2005T08
"
      "	English	eng	LDC2005T29
"
      "	English	eng	LDC2013S09
"
      "	Mandarin Chinese	cmn	LDC2013T21
"
      "	Chinese	zho	LDC2013T21
"
      "	English	eng	LDC2005T09
"
      "	Standard Arabic	arb	LDC2005T09
"
      "	Mandarin Chinese	cmn	LDC2005T09
"
      "	Mandarin Chinese	cmn	LDC2005T10
"
      "	English	eng	LDC2005T12
"
      "	English	eng	LDC2013T22
"
      "	English	eng	LDC2005T13
"
      "	Mandarin Chinese	cmn	LDC2005T14
"
      "	English	eng	LDC2013T23
"
      "	Mandarin Chinese	cmn	LDC2013T23
"
      "	Chinese	zho	LDC2013T23
"
      "	English	eng	LDC2005T16
"
      "	Standard Arabic	arb	LDC2005T16
"
      "	Mandarin Chinese	cmn	LDC2005T16
"
      "	English	eng	LDC2005T19
"
      "	English	eng	LDC93S1
"
      "	English	eng	LDC93S10
"
      "	English	eng	LDC93S11
"
      "	English	eng	LDC93S12
"
      "	English	eng	LDC93S2
"
      "	English	eng	LDC93S3A
"
      "	English	eng	LDC93S3B
"
      "	English	eng	LDC93S3C
"
      "	English	eng	LDC93S4A
"
      "	English	eng	LDC93S4B
"
      "	English	eng	LDC93S4B-2
"
      "	English	eng	LDC93S4B-3
"
      "	English	eng	LDC93S5
"
      "	English	eng	LDC93S6A
"
      "	English	eng	LDC93S6B
"
      "	English	eng	LDC93S6C
"
      "	English	eng	LDC93S8
"
      "	English	eng	LDC93S9
"
      "	English	eng	LDC93T1
"
      "	English	eng	LDC93T3A
"
      "	English	eng	LDC93T3B
"
      "	English	eng	LDC93T3C
"
      "	English	eng	LDC93T3D
"
      "	English	eng	LDC94S13A
"
      "	English	eng	LDC94S13B
"
      "	English	eng	LDC94S13C
"
      "	English	eng	LDC94S14A
"
      "	English	eng	LDC94S14B
"
      "	English	eng	LDC94S14C
"
      "	English	eng	LDC94S15
"
      "	English	eng	LDC94S16
"
      "	Vietnamese	vie	LDC94S17
"
      "	Tamil	tam	LDC94S17
"
      "	Korean	kor	LDC94S17
"
      "	Japanese	jpn	LDC94S17
"
      "	Hindi	hin	LDC94S17
"
      "	French	fra	LDC94S17
"
      "	English	eng	LDC94S17
"
      "	German	deu	LDC94S17
"
      "	Spanish	spa	LDC94S17
"
      "	Mandarin Chinese	cmn	LDC94S17
"
      "	Persian	fas	LDC94S17
"
      "	Dari	prs	LDC94S17
"
      "	Iranian Persian	pes	LDC94S17
"
      "	English	eng	LDC94S18
"
      "	English	eng	LDC94S19
"
      "	English	eng	LDC94S20
"
      "	English	eng	LDC94S21
"
      "	French	fra	LDC94T4A
"
      "	English	eng	LDC94T4A
"
      "	Spanish	spa	LDC94T4A
"
      "	English	eng	LDC94T4B-1
"
      "	French	fra	LDC94T4B-2
"
      "	Spanish	spa	LDC94T4B-3
"
      "	Turkish	tur	LDC94T5
"
      "	Swedish	swe	LDC94T5
"
      "	Slovenian	slv	LDC94T5
"
      "	Russian	rus	LDC94T5
"
      "	Portuguese	por	LDC94T5
"
      "	Norwegian	nor	LDC94T5
"
      "	Norwegian Bokm√•l	nob	LDC94T5
"
      "	Norwegian Nynorsk	nno	LDC94T5
"
      "	Lithuanian	lit	LDC94T5
"
      "	Latin	lat	LDC94T5
"
      "	Japanese	jpn	LDC94T5
"
      "	Scottish Gaelic	gla	LDC94T5
"
      "	French	fra	LDC94T5
"
      "	Estonian	est	LDC94T5
"
      "	English	eng	LDC94T5
"
      "	Modern Greek (1453-)	ell	LDC94T5
"
      "	German	deu	LDC94T5
"
      "	Danish	dan	LDC94T5
"
      "	Bulgarian	bul	LDC94T5
"
      "	Tosk Albanian	als	LDC94T5
"
      "	Standard Malay	zsm	LDC94T5
"
      "	Spanish	spa	LDC94T5
"
      "	Serbian	srp	LDC94T5
"
      "	Northern Uzbek	uzn	LDC94T5
"
      "	Mandarin Chinese	cmn	LDC94T5
"
      "	Italian	ita	LDC94T5
"
      "	Dutch	nld	LDC94T5
"
      "	Czech	ces	LDC94T5
"
      "	Croatian	hrv	LDC94T5
"
      "	Albanian	sqi	LDC94T5
"
      "	English	eng	LDC95S22
"
      "	English	eng	LDC95S23
"
      "	English	eng	LDC95S24
"
      "	English	eng	LDC95S25
"
      "	English	eng	LDC95S26
"
      "	English	eng	LDC95S27
"
      "	Spanish	spa	LDC95S28
"
      "	Portuguese	por	LDC95T11
"
      "	French	fra	LDC95T11
"
      "	German	deu	LDC95T11
"
      "	Mandarin Chinese	cmn	LDC95T13
"
      "	French	fra	LDC95T20
"
      "	English	eng	LDC95T20
"
      "	English	eng	LDC95T21
"
      "	English	eng	LDC95T6
"
      "	English	eng	LDC95T7
"
      "	Japanese	jpn	LDC95T8
"
      "	Spanish	spa	LDC95T9
"
      "	English	eng	LDC96L14
"
      "	German	deu	LDC96L14
"
      "	Dutch	nld	LDC96L14
"
      "	Mandarin Chinese	cmn	LDC96L15
"
      "	Spanish	spa	LDC96L16
"
      "	Japanese	jpn	LDC96L17
"
      "	English	eng	LDC96S29
"
      "	English	eng	LDC96S30
"
      "	English	eng	LDC96S31
"
      "	English	eng	LDC96S32
"
      "	English	eng	LDC96S33
"
      "	Mandarin Chinese	cmn	LDC96S34
"
      "	Spanish	spa	LDC96S35
"
      "	English	eng	LDC96S36
"
      "	Japanese	jpn	LDC96S37
"
      "	English	eng	LDC96S38
"
      "	English	eng	LDC96S39
"
      "	English	eng	LDC96S40
"
      "	Spanish	spa	LDC96S41
"
      "	English	eng	LDC94S14D
"
      "	English	eng	LDC96S46
"
      "	English	eng	LDC96S47
"
      "	French	fra	LDC96S48
"
      "	Egyptian Arabic	arz	LDC96S49
"
      "	Iranian Persian	pes	LDC96S50
"
      "	German	deu	LDC96S51
"
      "	Hindi	hin	LDC96S52
"
      "	Japanese	jpn	LDC96S53
"
      "	Korean	kor	LDC96S54
"
      "	Mandarin Chinese	cmn	LDC96S55
"
      "	Mandarin Chinese	cmn	LDC96S56
"
      "	Spanish	spa	LDC96S57
"
      "	Spanish	spa	LDC96S58
"
      "	Tamil	tam	LDC96S59
"
      "	Vietnamese	vie	LDC96S60
"
      "	English	eng	LDC96S61
"
      "	Japanese	jpn	LDC96S64
"
      "	Japanese	jpn	LDC96S64-1
"
      "	Japanese	jpn	LDC96S64-2
"
      "	Japanese	jpn	LDC96S64-3
"
      "	Japanese	jpn	LDC96S64-4
"
      "	Japanese	jpn	LDC96S64-5
"
      "	Japanese	jpn	LDC96S65
"
      "	English	eng	LDC2013T07
"
      "	Mandarin Chinese	cmn	LDC2013T07
"
      "	Arabic	ara	LDC2013T07
"
      "	Chinese	zho	LDC2013T07
"
      "	Japanese	jpn	LDC96S65-1
"
      "	Japanese	jpn	LDC96S65-2
"
      "	Japanese	jpn	LDC96S65-3
"
      "	Japanese	jpn	LDC96S65-4
"
      "	Japanese	jpn	LDC96S65-5
"
      "	English	eng	LDC96T10
"
      "	English	eng	LDC96T11
"
      "	Mandarin Chinese	cmn	LDC96T16
"
      "	Spanish	spa	LDC96T17
"
      "	Japanese	jpn	LDC96T18
"
      "	German	deu	LDC97L18
"
      "	English	eng	LDC97L20
"
      "	English	eng	LDC97S42
"
      "	German	deu	LDC97S43
"
      "	English	eng	LDC97S44
"
      "	Egyptian Arabic	arz	LDC97S45
"
      "	English	eng	LDC97S62
"
      "	English	eng	LDC97S63
"
      "	English	eng	LDC97S66
"
      "	English	eng	LDC97T12
"
      "	English	eng	LDC97T14
"
      "	German	deu	LDC97T15
"
      "	Egyptian Arabic	arz	LDC97T19
"
      "	English	eng	LDC97T22
"
      "	English	eng	LDC98L21
"
      "	English	eng	LDC98S67
"
      "	English	eng	LDC98S68
"
      "	Mandarin Chinese	cmn	LDC98S69
"
      "	Spanish	spa	LDC98S70
"
      "	English	eng	LDC98S71
"
      "	Mandarin Chinese	cmn	LDC98S72
"
      "	Mandarin Chinese	cmn	LDC98S73
"
      "	Spanish	spa	LDC98S74
"
      "	English	eng	LDC98S75
"
      "	English	eng	LDC98S76
"
      "	English	eng	LDC98S77
"
      "	Mandarin Chinese	cmn	LDC98T24
"
      "	English	eng	LDC98T25
"
      "	Mandarin Chinese	cmn	LDC98T26
"
      "	Spanish	spa	LDC98T27
"
      "	English	eng	LDC98T28
"
      "	Spanish	spa	LDC98T29
"
      "	English	eng	LDC98T30
"
      "	English	eng	LDC98T31
"
      "	English	eng	LDC98T32
"
      "	Egyptian Arabic	arz	LDC99L22
"
      "	English	eng	LDC99L23
"
      "	English	eng	LDC99S78
"
      "	English	eng	LDC99S79
"
      "	English	eng	LDC99S80
"
      "	English	eng	LDC99S81
"
      "	English	eng	LDC99S82
"
      "	English	eng	LDC99S83
"
      "	Spanish	spa	LDC2006S37
"
      "	English	eng	LDC99S84
"
      "	English	eng	LDC99T33
"
      "	Japanese	jpn	LDC99T34
"
      "	English	eng	LDC99T36
"
      "	Portuguese	por	LDC99T40
"
      "	Spanish	spa	LDC99T41
"
      "	English	eng	LDC99T42
"
      "	English	eng	LDC2007S08
"
      "	English	eng	LDC2007S05
"
      "	Mandarin Chinese	cmn	LDC2007S09
"
      "	English	eng	LDC2007S10
"
      "	Egyptian Arabic	arz	LDC2007S10
"
      "	Standard Arabic	arb	LDC2007S10
"
      "	Mandarin Chinese	cmn	LDC2007S10
"
      "	English	eng	LDC2007S15
"
      "	Standard Arabic	arb	LDC2005T20
"
      "	English	eng	LDC2005T33
"
      "	North Levantine Arabic	apc	LDC2005S14
"
      "	South Levantine Arabic	ajp	LDC2005S14
"
      "	Mandarin Chinese	cmn	LDC2005T32
"
      "	English	eng	LDC2007S13
"
      "	English	eng	LDC2005S16
"
      "	English	eng	LDC2005T24
"
      "	English	eng	LDC2005T28
"
      "	English	eng	LDC2006T19
"
      "	Mandarin Chinese	cmn	LDC2006T19
"
      "	Standard Arabic	arb	LDC2006T19
"
      "	English	eng	LDC2005S22
"
      "	Standard Arabic	arb	LDC2005T30
"
      "	Croatian	hrv	LDC2005S28
"
      "	Mandarin Chinese	cmn	LDC2005T23
"
      "	English	eng	LDC2005S30
"
      "	Mandarin Chinese	cmn	LDC2005T34
"
      "	Yue Chinese	yue	LDC2005S26
"
      "	Vietnamese	vie	LDC2005S26
"
      "	Tamil	tam	LDC2005S26
"
      "	Swahili (individual language)	swh	LDC2005S26
"
      "	Swedish	swe	LDC2005S26
"
      "	Russian	rus	LDC2005S26
"
      "	Portuguese	por	LDC2005S26
"
      "	Polish	pol	LDC2005S26
"
      "	Korean	kor	LDC2005S26
"
      "	Japanese	jpn	LDC2005S26
"
      "	Indonesian	ind	LDC2005S26
"
      "	Hindi	hin	LDC2005S26
"
      "	English	eng	LDC2005S26
"
      "	German	deu	LDC2005S26
"
      "	Arabic	ara	LDC2005S26
"
      "	Swahili	swa	LDC2005S26
"
      "	Congo Swahili	swc	LDC2005S26
"
      "	Spanish	spa	LDC2005S26
"
      "	Mandarin Chinese	cmn	LDC2005S26
"
      "	Italian	ita	LDC2005S26
"
      "	Hungarian	hun	LDC2005S26
"
      "	Persian	fas	LDC2005S26
"
      "	Dari	prs	LDC2005S26
"
      "	Iranian Persian	pes	LDC2005S26
"
      "	Czech	ces	LDC2005S26
"
      "	Standard Arabic	arb	LDC2006T02
"
      "	Spanish	spa	LDC2006T12
"
      "	English	eng	LDC2006T10
"
      "	Standard Arabic	arb	LDC2006T10
"
      "	English	eng	LDC2005T35
"
      "	Korean	kor	LDC2006T03
"
      "	English	eng	LDC2006T04
"
      "	Mandarin Chinese	cmn	LDC2006T04
"
      "	English	eng	LDC2006S01
"
      "	Mandarin Chinese	cmn	LDC2006T06
"
      "	Standard Arabic	arb	LDC2006T06
"
      "	English	eng	LDC2006T06
"
      "	English	eng	LDC2006T08
"
      "	North Levantine Arabic	apc	LDC2006S29
"
      "	South Levantine Arabic	ajp	LDC2006S29
"
      "	North Levantine Arabic	apc	LDC2006T07
"
      "	South Levantine Arabic	ajp	LDC2006T07
"
      "	English	eng	LDC2006S30
"
      "	Korean	kor	LDC2006T09
"
      "	English	eng	LDC2006S15
"
      "	English	eng	LDC2006S26
"
      "	Tamil	tam	LDC2008L01
"
      "	English	eng	LDC2008L01
"
      "	Russian	rus	LDC2006S34
"
      "	Korean	kor	LDC2006S36
"
      "	Vietnamese	vie	LDC2006S35
"
      "	Tamil	tam	LDC2006S35
"
      "	Spanish	spa	LDC2006S35
"
      "	Iranian Persian	pes	LDC2006S35
"
      "	Korean	kor	LDC2006S35
"
      "	Japanese	jpn	LDC2006S35
"
      "	Hindi	hin	LDC2006S35
"
      "	French	fra	LDC2006S35
"
      "	English	eng	LDC2006S35
"
      "	German	deu	LDC2006S35
"
      "	Mandarin Chinese	cmn	LDC2006S35
"
      "	Dutch	nld	LDC2006S13
"
      "	English	eng	LDC2006S13
"
      "	German	deu	LDC2006S13
"
      "	Vietnamese	vie	LDC2006S31
"
      "	Tamil	tam	LDC2006S31
"
      "	Spanish	spa	LDC2006S31
"
      "	Iranian Persian	pes	LDC2006S31
"
      "	Korean	kor	LDC2006S31
"
      "	Japanese	jpn	LDC2006S31
"
      "	Hindi	hin	LDC2006S31
"
      "	French	fra	LDC2006S31
"
      "	English	eng	LDC2006S31
"
      "	German	deu	LDC2006S31
"
      "	Mandarin Chinese	cmn	LDC2006S31
"
      "	Egyptian Arabic	arz	LDC2006S31
"
      "	Turkish	tur	LDC2006S33
"
      "	Mandarin Chinese	cmn	LDC2005S15
"
      "	North Levantine Arabic	apc	LDC2007S01
"
      "	South Levantine Arabic	ajp	LDC2007S01
"
      "	North Levantine Arabic	apc	LDC2007T01
"
      "	South Levantine Arabic	ajp	LDC2007T01
"
      "	English	eng	LDC2007T02
"
      "	Mandarin Chinese	cmn	LDC2007T03
"
      "	Portuguese	por	LDC2006S16
"
      "	Czech	ces	LDC2008T22
"
      "	Korean	kor	LDC2006S42
"
      "	English	eng	LDC2006T13
"
      "	Korean	kor	LDC2006T14
"
      "	Gulf Arabic	afb	LDC2006S43
"
      "	English	eng	LDC2006S44
"
      "	North Mesopotamian Arabic	ayp	LDC2006S45
"
      "	Gulf Arabic	afb	LDC2006S45
"
      "	Mesopotamian Arabic	acm	LDC2006S45
"
      "	North Mesopotamian Arabic	ayp	LDC2006T16
"
      "	Gulf Arabic	afb	LDC2006T16
"
      "	Mesopotamian Arabic	acm	LDC2006T16
"
      "	French	fra	LDC2006T17
"
      "	North Levantine Arabic	apc	LDC2007S02
"
      "	South Levantine Arabic	ajp	LDC2007S02
"
      "	North Levantine Arabic	apc	LDC2007T04
"
      "	South Levantine Arabic	ajp	LDC2007T04
"
      "	Urdu	urd	LDC2007S03
"
      "	English	eng	LDC2007T07
"
      "	English	eng	LDC2006T18
"
      "	Mandarin Chinese	cmn	LDC2006T18
"
      "	Standard Arabic	arb	LDC2006T18
"
      "	Standard Arabic	arb	LDC2006S46
"
      "	Standard Arabic	arb	LDC2006T20
"
      "	English	eng	LDC2007T08
"
      "	Standard Arabic	arb	LDC2007T08
"
      "	English	eng	LDC2007T09
"
      "	Mandarin Chinese	cmn	LDC2007T09
"
      "	English	eng	LDC2007T19
"
      "	English	eng	LDC2007V01
"
      "	Standard Arabic	arb	LDC2007V01
"
      "	Mandarin Chinese	cmn	LDC2007V01
"
      "	English	eng	LDC2007T22
"
      "	English	eng	LDC2007T20
"
      "	Standard Arabic	arb	LDC2007T20
"
      "	Mandarin Chinese	cmn	LDC2007T20
"
      "	English	eng	LDC2007V02
"
      "	English	eng	LDC2007T21
"
      "	Mandarin Chinese	cmn	LDC2007T21
"
      "	English	eng	LDC2007S11
"
      "	English	eng	LDC2007S12
"
      "	Mandarin Chinese	cmn	LDC2007T36
"
      "	English	eng	LDC2007T23
"
      "	Mandarin Chinese	cmn	LDC2007T23
"
      "	Korean	kor	LDC2003S07
"
      "	Mandarin Chinese	cmn	LDC2007T38
"
      "	English	eng	LDC2007S18
"
      "	Standard Arabic	arb	LDC2007T40
"
      "	Hungarian	hun	LDC2008T01
"
      "	Standard Arabic	arb	LDC2008T02
"
      "	English	eng	LDC2008T02
"
      "	English	eng	LDC2008T03
"
      "	English	eng	LDC2008S01
"
      "	English	eng	LDC2008S02
"
      "	English	eng	LDC2008T04
"
      "	Mandarin Chinese	cmn	LDC2008T04
"
      "	English	eng	LDC2008T05
"
      "	English	eng	LDC2008S03
"
      "	English	eng	LDC2008T06
"
      "	Mandarin Chinese	cmn	LDC2008T06
"
      "	Standard Arabic	arb	LDC2010T08
"
      "	Arabic	ara	LDC2010T08
"
      "	Hindi	hin	LDC2008L02
"
      "	Mandarin Chinese	cmn	LDC2008T07
"
      "	Portuguese	por	LDC2008S04
"
      "	English	eng	LDC2008T08
"
      "	Mandarin Chinese	cmn	LDC2008T08
"
      "	English	eng	LDC2008T09
"
      "	Standard Arabic	arb	LDC2008T09
"
      "	Tamil	tam	LDC2008S05
"
      "	Korean	kor	LDC2008S05
"
      "	Japanese	jpn	LDC2008S05
"
      "	Hindi	hin	LDC2008S05
"
      "	English	eng	LDC2008S05
"
      "	Spanish	spa	LDC2008S05
"
      "	Mandarin Chinese	cmn	LDC2008S05
"
      "	English	eng	LDC2008S06
"
      "	Yoruba	yor	LDC2008L03
"
      "	Trinidadian Creole English	trf	LDC2008L03
"
      "	Lucumi	luq	LDC2008L03
"
      "	Sea Island Creole English	gul	LDC2008L03
"
      "	English	eng	LDC2008L03
"
      "	Spanish	spa	LDC2008L03
"
      "	English	eng	LDC2008T20
"
      "	English	eng	LDC2008T13
"
      "	English	eng	LDC2008T14
"
      "	English	eng	LDC2008T15
"
      "	English	eng	LDC2008T16
"
      "	Mandarin Chinese	cmn	LDC2008T17
"
      "	English	eng	LDC2008T18
"
      "	Mandarin Chinese	cmn	LDC2008T18
"
      "	English	eng	LDC2008S07
"
      "	English	eng	LDC2008T19
"
      "	English	eng	LDC2008T21
"
      "	English	eng	LDC2008T23
"
      "	English	eng	LDC2008T24
"
      "	English	eng	LDC2008T25
"
      "	English	eng	LDC2009S01
"
      "	English	eng	LDC2008S09
"
      "	English	eng	LDC2009T09
"
      "	Baharna Arabic	abv	LDC2009T09
"
      "	Arabic	ara	LDC2009T09
"
      "	English	eng	LDC2009T01
"
      "	English	eng	LDC2009T02
"
      "	Mandarin Chinese	cmn	LDC2009T02
"
      "	English	eng	LDC2009V01
"
      "	English	eng	LDC2009T03
"
      "	Standard Arabic	arb	LDC2009T03
"
      "	Arabic	ara	LDC2009T03
"
      "	English	eng	LDC2009T04
"
      "	English	eng	LDC2009T05
"
      "	Standard Arabic	arb	LDC2009T05
"
      "	Arabic	ara	LDC2009T05
"
      "	Japanese	jpn	LDC2009T08
"
      "	English	eng	LDC2009T06
"
      "	Mandarin Chinese	cmn	LDC2009T06
"
      "	English	eng	LDC2009T07
"
      "	Mandarin Chinese	cmn	LDC2009T07
"
      "	Standard Arabic	arb	LDC2009T07
"
      "	Arabic	ara	LDC2009T07
"
      "	English	eng	LDC2009T10
"
      "	Standard Arabic	arb	LDC2009T10
"
      "	Arabic	ara	LDC2009T10
"
      "	English	eng	LDC2009T11
"
      "	Mandarin Chinese	cmn	LDC2009T11
"
      "	Standard Arabic	arb	LDC2009T11
"
      "	Arabic	ara	LDC2009T11
"
      "	Czech	ces	LDC2009S02
"
      "	English	eng	LDC2009T12
"
      "	Tamil	tam	LDC2009L01
"
      "	English	eng	LDC2009L01
"
      "	English	eng	LDC2009T13
"
      "	Czech	ces	LDC2009T20
"
      "	Mandarin Chinese	cmn	LDC2009T14
"
      "	Chinese	zho	LDC2009T14
"
      "	English	eng	LDC2009T15
"
      "	Mandarin Chinese	cmn	LDC2009T15
"
      "	Chinese	zho	LDC2009T15
"
      "	Spanish	spa	LDC2009T21
"
      "	English	eng	LDC2009T22
"
      "	Standard Arabic	arb	LDC2009T22
"
      "	Arabic	ara	LDC2009T22
"
      "	English	eng	LDC2009T23
"
      "	English	eng	LDC2009S03
"
      "	English	eng	LDC2009T24
"
      "	Mandarin Chinese	cmn	LDC2009T24
"
      "	Standard Arabic	arb	LDC2009T24
"
      "	Chinese	zho	LDC2009T24
"
      "	Arabic	ara	LDC2009T24
"
      "	Swedish	swe	LDC2009T25
"
      "	Spanish	spa	LDC2009T25
"
      "	Romanian	ron	LDC2009T25
"
      "	Portuguese	por	LDC2009T25
"
      "	Polish	pol	LDC2009T25
"
      "	Dutch	nld	LDC2009T25
"
      "	Italian	ita	LDC2009T25
"
      "	French	fra	LDC2009T25
"
      "	German	deu	LDC2009T25
"
      "	Czech	ces	LDC2009T25
"
      "	English	eng	LDC2009T26
"
      "	Mandarin Chinese	cmn	LDC2009T27
"
      "	French	fra	LDC2009T28
"
      "	Yue Chinese	yue	LDC2009S04
"
      "	Vietnamese	vie	LDC2009S04
"
      "	Thai	tha	LDC2009S04
"
      "	Tamil	tam	LDC2009S04
"
      "	Spanish	spa	LDC2009S04
"
      "	Russian	rus	LDC2009S04
"
      "	Korean	kor	LDC2009S04
"
      "	Japanese	jpn	LDC2009S04
"
      "	Hindi	hin	LDC2009S04
"
      "	Persian	fas	LDC2009S04
"
      "	English	eng	LDC2009S04
"
      "	German	deu	LDC2009S04
"
      "	Mandarin Chinese	cmn	LDC2009S04
"
      "	Bengali	ben	LDC2009S04
"
      "	Standard Arabic	arb	LDC2009S04
"
      "	Dari	prs	LDC2009S04
"
      "	Iranian Persian	pes	LDC2009S04
"
      "	Arabic	ara	LDC2009S04
"
      "	Yue Chinese	yue	LDC2009S05
"
      "	Wu Chinese	wuu	LDC2009S05
"
      "	Urdu	urd	LDC2009S05
"
      "	Thai	tha	LDC2009S05
"
      "	Tamil	tam	LDC2009S05
"
      "	Spanish	spa	LDC2009S05
"
      "	Russian	rus	LDC2009S05
"
      "	Min Nan Chinese	nan	LDC2009S05
"
      "	Mandarin Chinese	cmn	LDC2009S05
"
      "	Bengali	ben	LDC2009S05
"
      "	Egyptian Arabic	arz	LDC2009S05
"
      "	English	eng	LDC2009T29
"
      "	Standard Arabic	arb	LDC2009T30
"
      "	Arabic	ara	LDC2009T30
"
      "	Urdu	urd	LDC2010T01
"
      "	Mandarin Chinese	cmn	LDC2010T01
"
      "	Standard Arabic	arb	LDC2010T01
"
      "	English	eng	LDC2010T01
"
      "	Chinese	zho	LDC2010T01
"
      "	Arabic	ara	LDC2010T01
"
      "	Czech	ces	LDC2010T02
"
      "	English	eng	LDC2010T05
"
      "	English	eng	LDC2010T03
"
      "	Mandarin Chinese	cmn	LDC2010T03
"
      "	Chinese	zho	LDC2010T03
"
      "	Spanish	spa	LDC2010T04
"
      "	Spanish	spa	LDC2010S01
"
      "	Mandarin Chinese	cmn	LDC2010T09
"
      "	Mandarin Chinese	cmn	LDC2010T06
"
      "	English	eng	LDC2010S02
"
      "	Mandarin Chinese	cmn	LDC2010T07
"
      "	English	eng	LDC2010S03
"
      "	English	eng	LDC2010T10
"
      "	Mandarin Chinese	cmn	LDC2010T10
"
      "	Standard Arabic	arb	LDC2010T10
"
      "	Arabic	ara	LDC2010T10
"
      "	English	eng	LDC2010T11
"
      "	Mandarin Chinese	cmn	LDC2010T11
"
      "	Standard Arabic	arb	LDC2010T11
"
      "	Arabic	ara	LDC2010T11
"
      "	Mandarin Chinese	cmn	LDC2010T12
"
      "	Standard Arabic	arb	LDC2010T12
"
      "	Arabic	ara	LDC2010T12
"
      "	English	eng	LDC2010V01
"
      "	Standard Arabic	arb	LDC2010L01
"
      "	Arabic	ara	LDC2010L01
"
      "	Standard Arabic	arb	LDC2010T13
"
      "	Arabic	ara	LDC2010T13
"
      "	English	eng	LDC2010V02
"
      "	Mandarin Chinese	cmn	LDC2010V02
"
      "	Arabic	ara	LDC2010V02
"
      "	Chinese	zho	LDC2010V02
"
      "	Mandarin Chinese	cmn	LDC2010T14
"
      "	Standard Arabic	arb	LDC2010T14
"
      "	Arabic	ara	LDC2010T14
"
      "	Yue Chinese	yue	LDC2010S07
"
      "	Vietnamese	vie	LDC2010S07
"
      "	Urdu	urd	LDC2010S07
"
      "	Tamil	tam	LDC2010S07
"
      "	Russian	rus	LDC2010S07
"
      "	Korean	kor	LDC2010S07
"
      "	Japanese	jpn	LDC2010S07
"
      "	Hindi	hin	LDC2010S07
"
      "	Persian	fas	LDC2010S07
"
      "	Mandarin Chinese	cmn	LDC2010S07
"
      "	North Levantine Arabic	apc	LDC2010S07
"
      "	South Levantine Arabic	ajp	LDC2010S07
"
      "	Gulf Arabic	afb	LDC2010S07
"
      "	Dari	prs	LDC2010S07
"
      "	Iranian Persian	pes	LDC2010S07
"
      "	English	eng	LDC2010T15
"
      "	Bengali	ben	LDC2010T16
"
      "	Mandarin Chinese	cmn	LDC2010T17
"
      "	Arabic	ara	LDC2010T17
"
      "	Chinese	zho	LDC2010T17
"
      "	Korean	kor	LDC2010T19
"
      "	English	eng	LDC2010T18
"
      "	English	eng	LDC93S1W
"
      "	Urdu	urd	LDC2010T21
"
      "	English	eng	LDC2010T21
"
      "	Mandarin Chinese	cmn	LDC2010T21
"
      "	Arabic	ara	LDC2010T21
"
      "	Chinese	zho	LDC2010T21
"
      "	Urdu	urd	LDC2010T23
"
      "	Arabic	ara	LDC2010T23
"
      "	Hindi	hin	LDC2010T24
"
      "	English	eng	LDC2010T22
"
      "	English	eng	LDC2011T01
"
      "	English	eng	LDC2011T02
"
      "	English	eng	LDC2011T03
"
      "	Mandarin Chinese	cmn	LDC2011T03
"
      "	Arabic	ara	LDC2011T03
"
      "	Chinese	zho	LDC2011T03
"
      "	Sanskrit	san	LDC2011T04
"
      "	Mandarin Chinese	cmn	LDC2011T05
"
      "	Arabic	ara	LDC2011T05
"
      "	Chinese	zho	LDC2011T05
"
      "	English	eng	LDC2011V01
"
      "	English	eng	LDC2011V02
"
      "	English	eng	LDC2011T06
"
      "	English	eng	LDC2011V03
"
      "	Spanish	spa	LDC2011S01
"
      "	Russian	rus	LDC2011S01
"
      "	English	eng	LDC2011S01
"
      "	Mandarin Chinese	cmn	LDC2011S01
"
      "	Arabic	ara	LDC2011S01
"
      "	English	eng	LDC2011T07
"
      "	English	eng	LDC2011T08
"
      "	English	eng	LDC2011S02
"
      "	Mandarin Chinese	cmn	LDC2011S02
"
      "	Standard Arabic	arb	LDC2011S02
"
      "	Arabic	ara	LDC2011S02
"
      "	English	eng	LDC2011S03
"
      "	Mandarin Chinese	cmn	LDC2011S03
"
      "	Standard Arabic	arb	LDC2011S03
"
      "	Arabic	ara	LDC2011S03
"
      "	English	eng	LDC2011V04
"
      "	Spanish	spa	LDC2011S04
"
      "	Russian	rus	LDC2011S04
"
      "	English	eng	LDC2011S04
"
      "	Mandarin Chinese	cmn	LDC2011S04
"
      "	Arabic	ara	LDC2011S04
"
      "	Standard Arabic	arb	LDC2011T09
"
      "	Arabic	ara	LDC2011T09
"
      "	Yue Chinese	yue	LDC2011S07
"
      "	Wu Chinese	wuu	LDC2011S07
"
      "	Vietnamese	vie	LDC2011S07
"
      "	Uzbek	uzb	LDC2011S07
"
      "	Urdu	urd	LDC2011S07
"
      "	Tigrinya	tir	LDC2011S07
"
      "	Thai	tha	LDC2011S07
"
      "	Tagalog	tgl	LDC2011S07
"
      "	Spanish	spa	LDC2011S07
"
      "	Russian	rus	LDC2011S07
"
      "	Panjabi	pan	LDC2011S07
"
      "	Min Nan Chinese	nan	LDC2011S07
"
      "	Lao	lao	LDC2011S07
"
      "	Korean	kor	LDC2011S07
"
      "	Central Khmer	khm	LDC2011S07
"
      "	Georgian	kat	LDC2011S07
"
      "	Japanese	jpn	LDC2011S07
"
      "	Italian	ita	LDC2011S07
"
      "	Hindi	hin	LDC2011S07
"
      "	Persian	fas	LDC2011S07
"
      "	English	eng	LDC2011S07
"
      "	Mandarin Chinese	cmn	LDC2011S07
"
      "	Bengali	ben	LDC2011S07
"
      "	Egyptian Arabic	arz	LDC2011S07
"
      "	Moroccan Arabic	ary	LDC2011S07
"
      "	Northern Khmer	kxm	LDC2011S07
"
      "	Dari	prs	LDC2011S07
"
      "	Iranian Persian	pes	LDC2011S07
"
      "	Chinese	zho	LDC2011S07
"
      "	Arabic	ara	LDC2011S07
"
      "	English	eng	LDC2011V06
"
      "	French	fra	LDC2011T10
"
      "	English	eng	LDC2011V05
"
      "	Spanish	spa	LDC2012T01
"
      "	Yue Chinese	yue	LDC2011S08
"
      "	Wu Chinese	wuu	LDC2011S08
"
      "	Vietnamese	vie	LDC2011S08
"
      "	Uzbek	uzb	LDC2011S08
"
      "	Urdu	urd	LDC2011S08
"
      "	Thai	tha	LDC2011S08
"
      "	Tagalog	tgl	LDC2011S08
"
      "	Tamil	tam	LDC2011S08
"
      "	Russian	rus	LDC2011S08
"
      "	Panjabi	pan	LDC2011S08
"
      "	Min Nan Chinese	nan	LDC2011S08
"
      "	Lao	lao	LDC2011S08
"
      "	Korean	kor	LDC2011S08
"
      "	Japanese	jpn	LDC2011S08
"
      "	Italian	ita	LDC2011S08
"
      "	Hindi	hin	LDC2011S08
"
      "	Persian	fas	LDC2011S08
"
      "	Mandarin Chinese	cmn	LDC2011S08
"
      "	Bengali	ben	LDC2011S08
"
      "	Egyptian Arabic	arz	LDC2011S08
"
      "	Moroccan Arabic	ary	LDC2011S08
"
      "	Dari	prs	LDC2011S08
"
      "	Iranian Persian	pes	LDC2011S08
"
      "	English	eng	LDC2011S08
"
      "	Chinese	zho	LDC2011S08
"
      "	Arabic	ara	LDC2011S08
"
      "	Standard Arabic	arb	LDC2011T11
"
      "	Arabic	ara	LDC2011T11
"
      "	Spanish	spa	LDC2011T12
"
      "	Yue Chinese	yue	LDC2011S09
"
      "	Urdu	urd	LDC2011S09
"
      "	Thai	tha	LDC2011S09
"
      "	Russian	rus	LDC2011S09
"
      "	Korean	kor	LDC2011S09
"
      "	Hindi	hin	LDC2011S09
"
      "	English	eng	LDC2011S09
"
      "	Mandarin Chinese	cmn	LDC2011S09
"
      "	Bengali	ben	LDC2011S09
"
      "	Standard Arabic	arb	LDC2011S09
"
      "	Chinese	zho	LDC2011S09
"
      "	Arabic	ara	LDC2011S09
"
      "	Mandarin Chinese	cmn	LDC2011T13
"
      "	Yue Chinese	yue	LDC2011S10
"
      "	Urdu	urd	LDC2011S10
"
      "	Thai	tha	LDC2011S10
"
      "	Spanish	spa	LDC2011S10
"
      "	Russian	rus	LDC2011S10
"
      "	Korean	kor	LDC2011S10
"
      "	Hindi	hin	LDC2011S10
"
      "	Persian	fas	LDC2011S10
"
      "	English	eng	LDC2011S10
"
      "	Mandarin Chinese	cmn	LDC2011S10
"
      "	Bengali	ben	LDC2011S10
"
      "	Standard Arabic	arb	LDC2011S10
"
      "	Dari	prs	LDC2011S10
"
      "	Iranian Persian	pes	LDC2011S10
"
      "	Chinese	zho	LDC2011S10
"
      "	Arabic	ara	LDC2011S10
"
      "	English	eng	LDC2011S11
"
      "	English	eng	LDC2012S02
"
      "	English	eng	LDC2012S03
"
      "	Mal Paharia	mkb	LDC2012S04
"
      "	Sauria Paharia	mjt	LDC2012S04
"
      "	Kumarbhag Paharia	kmj	LDC2012S04
"
      "	English	eng	LDC2012T02
"
      "	English	eng	LDC2012S05
"
      "	English	eng	LDC2012V01
"
      "	Spanish	spa	LDC2012T03
"
      "	German	deu	LDC2012T03
"
      "	Czech	ces	LDC2012T03
"
      "	Catalan	cat	LDC2012T03
"
      "	English	eng	LDC2012T04
"
      "	Mandarin Chinese	cmn	LDC2012T04
"
      "	Chinese	zho	LDC2012T04
"
      "	Mandarin Chinese	cmn	LDC2012T05
"
      "	Chinese	zho	LDC2012T05
"
      "	English	eng	LDC2012T06
"
      "	Standard Arabic	arb	LDC2012T06
"
      "	Turkish	tur	LDC2012S06
"
      "	Standard Arabic	arb	LDC2012T07
"
      "	Arabic	ara	LDC2012T07
"
      "	English	eng	LDC2012T08
"
      "	Czech	ces	LDC2012T08
"
      "	English	eng	LDC2012T09
"
      "	Egyptian Arabic	arz	LDC2012T09
"
      "	North Levantine Arabic	apc	LDC2012T09
"
      "	South Levantine Arabic	ajp	LDC2012T09
"
      "	Catalan	cat	LDC2012T10
"
      "	English	eng	LDC2012T11
"
      "	Spanish	spa	LDC2012T12
"
      "	English	eng	LDC2012T13
"
      "	English	eng	LDC2012T14
"
      "	Standard Arabic	arb	LDC2012T14
"
      "	English	eng	LDC2012T16
"
      "	Mandarin Chinese	cmn	LDC2012T16
"
      "	Chinese	zho	LDC2012T16
"
      "	English	eng	LDC2014S03
"
      "	Arabic	ara	LDC2012T15
"
      "	French	fra	LDC2013L01
"
      "	English	eng	LDC2013L01
"
      "	Eastern Maninkakan	emk	LDC2013L01
"
      "	English	eng	LDC2012T17
"
      "	Standard Arabic	arb	LDC2012T17
"
      "	English	eng	LDC2012T18
"
      "	Standard Arabic	arb	LDC2012T18
"
      "	Standard Arabic	arb	LDC2013T04
"
      "	English	eng	LDC2013T01
"
      "	Standard Arabic	arb	LDC2013T01
"
      "	English	eng	LDC2012T20
"
      "	Mandarin Chinese	cmn	LDC2012T20
"
      "	Chinese	zho	LDC2012T20
"
      "	English	eng	LDC2013T05
"
      "	Mandarin Chinese	cmn	LDC2013T05
"
      "	Chinese	zho	LDC2013T05
"
      "	English	eng	LDC2013T03
"
      "	Mandarin Chinese	cmn	LDC2013T03
"
      "	Chinese	zho	LDC2013T03
"
      "	Standard Arabic	arb	LDC2013S02
"
      "	English	eng	LDC2012T21
"
      "	English	eng	LDC2012T24
"
      "	Mandarin Chinese	cmn	LDC2012T24
"
      "	Chinese	zho	LDC2012T24
"
      "	English	eng	LDC2012T22
"
      "	Mandarin Chinese	cmn	LDC2012T22
"
      "	Chinese	zho	LDC2012T22
"
      "	Russian	rus	LDC2012T23
"
      "	English	eng	LDC2012T23
"
      "	English	eng	LDC2013T02
"
      "	Mandarin Chinese	cmn	LDC2013T02
"
      "	Chinese	zho	LDC2013T02
"
      "	Spanish	spa	LDC2013T06
"
      "	Russian	rus	LDC2013T06
"
      "	French	fra	LDC2013T06
"
      "	English	eng	LDC2013T06
"
      "	Mandarin Chinese	cmn	LDC2013T06
"
      "	Arabic	ara	LDC2013T06
"
      "	Chinese	zho	LDC2013T06
"
      "	English	eng	LDC2013S03
"
      "	Mandarin Chinese	cmn	LDC2013T08
"
      "	Chinese	zho	LDC2013T08
"
      "	Mandarin Chinese	cmn	LDC2013S04
"
      "	Chinese	zho	LDC2013S04
"
      "	Arabic	ara	LDC2013T09
"
      "	English	eng	LDC2013T10
"
      "	Standard Arabic	arb	LDC2013T10
"
      "	Arabic	ara	LDC2013T10
"
      "	English	eng	LDC2013S05
"
      "	English	eng	LDC2013T11
"
      "	Mandarin Chinese	cmn	LDC2013T11
"
      "	Chinese	zho	LDC2013T11
"
      "	English	eng	LDC2013T12
"
      "	English	eng	LDC2013T16
"
      "	Mandarin Chinese	cmn	LDC2013T16
"
      "	Chinese	zho	LDC2013T16
"
      "	Arabic	ara	LDC2013T15
"
      "	Standard Arabic	arb	LDC2013S07
"
      "	Standard Arabic	arb	LDC2013T17
"
      "	English	eng	LDC2013T18
"
      "	Mandarin Chinese	cmn	LDC2013T20
"
      "	Chinese	zho	LDC2013T20
"
      "	Mandarin Chinese	cmn	LDC2013S08
"
      "	Chinese	zho	LDC2013S08
"
      "	English	eng	LDC2013T19
"
      "	Mandarin Chinese	cmn	LDC2013T19
"
      "	Arabic	ara	LDC2013T19
"
      "	Chinese	zho	LDC2013T19
"
      "	Iranian Persian	pes	LDC2014T01
"
      "	Iranian Persian	pes	LDC2014S01
"
      "	English	eng	LDC2014T03
"
      "	Standard Arabic	arb	LDC2014T03
"
      "	Arabic	ara	LDC2014T03
"
      "	Dari	prs	LDC2014T02
"
      "	Korean	kor	LDC2014T02
"
      "	Persian	fas	LDC2014T02
"
      "	English	eng	LDC2014T02
"
      "	Mandarin Chinese	cmn	LDC2014T02
"
      "	Arabic	ara	LDC2014T02
"
      "	Iranian Persian	pes	LDC2014T02
"
      "	Chinese	zho	LDC2014T02
"
      "	Arabic	ara	LDC2014S02
"
      "	English	eng	LDC2014T04
"
      "	Mandarin Chinese	cmn	LDC2014T04
"
      "	Chinese	zho	LDC2014T04
"
      "	English	eng	LDC2014T05
"
      "	Standard Arabic	arb	LDC2014T05
"
      "	Arabic	ara	LDC2014T05
"
      "	English	eng	LDC2014T06
"
      "	English	eng	LDC2014T07
"
      "	Czech	ces	LDC2014S04
"
      "	English	eng	LDC2014T08
"
      "	Standard Arabic	arb	LDC2014T08
"
      "	Arabic	ara	LDC2014T08
"
      "	English	eng	LDC2014T09
"
      "	Mandarin Chinese	cmn	LDC2014T09
"
      "	Arabic	ara	LDC2014T09
"
      "	Chinese	zho	LDC2014T09
"
      "	English	eng	LDC2014T10
"
      "	Standard Arabic	arb	LDC2014T10
"
      "	Arabic	ara	LDC2014T10
"
      "	Spanish	spa	LDC2014S05
"
      "	English	eng	LDC2014S05
"
      "	Mandarin Chinese	cmn	LDC2014T11
"
      "	English	eng	LDC2014T11
"
      "	Chinese	zho	LDC2014T11
"
      "	English	eng	LDC2014T12
"
      "	Mandarin Chinese	cmn	LDC2014T13
"
      "	Amharic	amh	LDC2014S06
"
      "	Haitian	hat	LDC2014S06
"
      "	English	eng	LDC2014S06
"
      "	French	fra	LDC2014S06
"
      "	Hindi	hin	LDC2014S06
"
      "	Spanish	spa	LDC2014S06
"
      "	Urdu	urd	LDC2014S06
"
      "	Bosnian	bos	LDC2014S06
"
      "	Croatian	hrv	LDC2014S06
"
      "	Georgian	kat	LDC2014S06
"
      "	Korean	kor	LDC2014S06
"
      "	Portuguese	por	LDC2014S06
"
      "	Turkish	tur	LDC2014S06
"
      "	Vietnamese	vie	LDC2014S06
"
      "	Yue Chinese	yue	LDC2014S06
"
      "	Dari	prs	LDC2014S06
"
      "	Persian	fas	LDC2014S06
"
      "	Hausa	hau	LDC2014S06
"
      "	Mandarin Chinese	cmn	LDC2014S06
"
      "	Russian	rus	LDC2014S06
"
      "	Ukrainian	ukr	LDC2014S06
"
      "	Pushto	pus	LDC2014S06
"
      "	Arabic	ara	LDC2014T14
"
      "	Standard Arabic	arb	LDC2014T14
"
      "	English	eng	LDC2014T14
"
      "	Mandarin Chinese	cmn	LDC2014T15
"
      "	English	eng	LDC2014T15
"
      "	Chinese	zho	LDC2014T15
"
      "	English	eng	LDC2014T16
"
      "	Standard Arabic	arb	LDC2014T17
"
      "	Standard Arabic	arb	LDC2014S07
"
      "	Spanish	spa	LDC2014T18
"
      "	Standard Arabic	arb	LDC2014T18
"
      "	Mandarin Chinese	cmn	LDC2014T20
"
      "	English	eng	LDC2014T20
"
      "	Chinese	zho	LDC2014T20
"
      "	Standard Arabic	arb	LDC2014T19
"
      "	Arabic	ara	LDC2014T19
"
      "	English	eng	LDC2014T19
"
      "	Mandarin Chinese	cmn	LDC2014T21
"
      "	Chinese	zho	LDC2014T21
"
      "	English	eng	LDC2014S08
"
      "	Mandarin Chinese	cmn	LDC2014S08
"
      "	Standard Arabic	arb	LDC2014S08
"
      "	French	fra	LDC2014S08
"
      "	Russian	rus	LDC2014S08
"
      "	Spanish	spa	LDC2014S08
"
      "	Standard Arabic	arb	LDC2014T22
"
      "	Arabic	ara	LDC2014T22
"
      "	English	eng	LDC2014T22
"
      "	Spanish	spa	LDC2014T23
"
      "	English	eng	LDC2014T23
"
      "	English	eng	LDC2014T24
"
      "	Mandarin Chinese	cmn	LDC2014T25
"
      "	English	eng	LDC2014T25
"
      "	Chinese	zho	LDC2014T25
"
      "	Mandarin Chinese	cmn	LDC2014T26
"
      "	English	eng	LDC2014T26
"
      "	Chinese	zho	LDC2014T26
"
      "	English	eng	LDC2014T27
"
      "	Mandarin Chinese	cmn	LDC2014S09
"
      "	Chinese	zho	LDC2014S09
"
      "	Mandarin Chinese	cmn	LDC2014T28
"
      "	Chinese	zho	LDC2014T28
"
      "	Spanish	spa	LDC2015T02
"
      "	Catalan	cat	LDC2015T02
"
      "	Standard Arabic	arb	LDC2015T01
"
      "	Standard Arabic	arb	LDC2015S01
"
      "	English	eng	LDC2015T03
"
      "	Mandarin Chinese	cmn	LDC2015T04
"
      "	English	eng	LDC2015T04
"
      "	Chinese	zho	LDC2015T04
"
      "	South Levantine Arabic	ajp	LDC2015S02
"
      "	North Levantine Arabic	apc	LDC2015S02
"
      "	English	eng	LDC2015S02
"
      "	Persian	fas	LDC2015S02
"
      "	Pushto	pus	LDC2015S02
"
      "	Urdu	urd	LDC2015S02
"
      "	Mandarin Chinese	cmn	LDC2015S04
"
      "	English	eng	LDC2015S04
"
      "	Standard Arabic	arb	LDC2015T05
"
      "	English	eng	LDC2015T05
"
      "	Mandarin Chinese	cmn	LDC2015T06
"
      "	Chinese	zho	LDC2015T06
"
      "	English	eng	LDC2015T06
"
      "	Mandarin Chinese	cmn	LDC2015S05
"
      "	English	eng	LDC2015S03
"
      "	Standard Arabic	arb	LDC2015T07
"
      "	English	eng	LDC2015T07
"
      "	Catalan	cat	LDC2015L01
"
      "	Spanish	spa	LDC2015L01
"
      "	English	eng	LDC2015T08
"
      "	Mandarin Chinese	cmn	LDC2015T09
"
      "	Chinese	zho	LDC2015T09
"
      "	Mandarin Chinese	cmn	LDC2015S06
"
      "	Chinese	zho	LDC2015S06
"
      "	Spanish	spa	LDC2015S07
"
      "	English	eng	LDC2015T10
"
      "	Bulgarian	bul	LDC2015T11
"
      "	Danish	dan	LDC2015T11
"
      "	Dutch	nld	LDC2015T11
"
      "	German	deu	LDC2015T11
"
      "	Japanese	jpn	LDC2015T11
"
      "	Portuguese	por	LDC2015T11
"
      "	Slovenian	slv	LDC2015T11
"
      "	Spanish	spa	LDC2015T11
"
      "	Swedish	swe	LDC2015T11
"
      "	Turkish	tur	LDC2015T11
"
      "	Czech	ces	LDC2015T12
"
      "	Standard Arabic	arb	LDC2015T12
"
      "	English	eng	LDC2015T13
"
      "	Mandarin Chinese	cmn	LDC2015T14
"
      "	English	eng	LDC2015T14
"
      "	Chinese	zho	LDC2015T14
"
      "	English	eng	LDC2015S08
"
      "	Turkish	tur	LDC2015T15
"
      "	Mandarin Chinese	cmn	LDC2015T21
"
      "	English	eng	LDC2015T21
"
      "	Chinese	zho	LDC2015T21
"
      "	Standard Arabic	arb	LDC2015S10
"
      "	Standard Arabic	arb	LDC2015S11
"
      "	Standard Arabic	arb	LDC2015T16
"
      "	Spanish	spa	LDC2015T20
"
      "	Spanish	spa	LDC2015T17
"
      "	Catalan	cat	LDC2015T17
"
      "	Portuguese	por	LDC2015T17
"
      "	Mandarin Chinese	cmn	LDC2015T18
"
      "	English	eng	LDC2015T18
"
      "	Chinese	zho	LDC2015T18
"
      "	Standard Arabic	arb	LDC2015T19
"
      "	English	eng	LDC2015T19
"
      "	German	deu	LDC2015T22
"
      "	English	eng	LDC2015S12
"
      "	Arabic	ara	LDC2015T23
"
      "	Mandarin Chinese	cmn	LDC2015T24
"
      "	English	eng	LDC2015T24
"
      "	Chinese	zho	LDC2015T24
"
      "	Mandarin Chinese	cmn	LDC2015T25
"
      "	Chinese	zho	LDC2015T25
"
      "	Mandarin Chinese	cmn	LDC2015S13
"
      "	Chinese	zho	LDC2015S13
"
      "	German	deu	LDC2016T01
"
      "	English	eng	LDC2016T03
"
      "	Spanish	spa	LDC2016T03
"
      "	Arabic	ara	LDC2016T02
"
      "	Standard Arabic	arb	LDC2016T02
"
      "	Mandarin Chinese	cmn	LDC2016T04
"
      "	English	eng	LDC2016T04
"
      "	Chinese	zho	LDC2016T04
"
      "	Mandarin Chinese	cmn	LDC2016T05
"
      "	Chinese	zho	LDC2016T05
"
      "	Standard Arabic	arb	LDC2016T06
"
      "	Standard Arabic	arb	LDC2016S01
"
      "	Yue Chinese	yue	LDC2016S02
"
      "	English	eng	LDC2016T07
"
      "	Standard Arabic	arb	LDC2016T08
"
      "	English	eng	LDC2016T08
"
      "	Mandarin Chinese	cmn	LDC2016T09
"
      "	Chinese	zho	LDC2016T09
"
      "	English	eng	LDC2016T09
"
      "	English	eng	LDC2016T10
"
      "	Chinese	zho	LDC2016T10
"
      "	Czech	ces	LDC2016T10
"
      "	Standard Arabic	arb	LDC2016T11
"
      "	Arabic	ara	LDC2016T11
"
      "	English	eng	LDC2016T11
"
      "	English	eng	LDC2016V01
"
      "	Mandarin Chinese	cmn	LDC2016T12
"
      "	Chinese	zho	LDC2016T12
"
      "	Mandarin Chinese	cmn	LDC2016S03
"
      "	Chinese	zho	LDC2016S03
"
      "	Chinese	zho	LDC2016T13
"
      "	Mandarin Chinese	cmn	LDC2016T13
"
      "	Spanish	spa	LDC2016S04
"
      "	Arabic	ara	LDC2016T14
"
      "	Standard Arabic	arb	LDC2016T14
"
      "	Mandarin Chinese	cmn	LDC2016T15
"
      "	English	eng	LDC2016T15
"
      "	Chinese	zho	LDC2016T15
"
      "	English	eng	LDC2016T16
"
      "	English	eng	LDC2016S05
"
      "	Assamese	asm	LDC2016S06
"
      "	Bengali	ben	LDC2016S08
"
      "	Standard Arabic	arb	LDC2016T17
"
      "	Standard Arabic	arb	LDC2016S07
"
      "	Standard Arabic	arb	LDC2016T18
"
      "	English	eng	LDC2016T18
"
      "	Mandarin Chinese	cmn	LDC2016T19
"
      "	English	eng	LDC2016T19
"
      "	Chinese	zho	LDC2016T19
"
      "	Arabic	ara	LDC2016T20
"
      "	Standard Arabic	arb	LDC2016T20
"
      "	English	eng	LDC2016T20
"
      "	Pushto	pus	LDC2016S09
"
      "	English	eng	LDC2016T23
"
      "	Turkish	tur	LDC2016S10
"
      "	Arabic	ara	LDC2016T21
"
      "	Georgian	kat	LDC2016S12
"
      "	Polish	pol	LDC2016S11
"
      "	Russian	rus	LDC2016S11
"
      "	Ukrainian	ukr	LDC2016S11
"
      "	Chinese	zho	LDC2016T25
"
      "	Mandarin Chinese	cmn	LDC2016T25
"
      "	English	eng	LDC2016T25
"
      "	Arabic	ara	LDC2016T27
"
      "	Standard Arabic	arb	LDC2016T27
"
      "	English	eng	LDC2016T27
"
      "	Tagalog	tgl	LDC2016S13
"
      "	Spanish	spa	LDC2016T26
"
      "	English	eng	LDC2016T26
"
      "	Bambara	bam	LDC2016L01
"
      "	English	eng	LDC2016L01
"
      "	French	fra	LDC2016L01
"
      "	English	eng	LDC2017T01
"
      "	Arabic	ara	LDC2017L01
"
      "	Standard Arabic	arb	LDC2017L01
"
      "	Vietnamese	vie	LDC2017S01
"
      "	Chinese	zho	LDC2017T02
"
      "	Mandarin Chinese	cmn	LDC2017T02
"
      "	English	eng	LDC2017T02
"
      "	English	eng	LDC2017T03
"
      "	English	eng	LDC2016T22
"
      "	Chinese	zho	LDC2016T22
"
      "	Arabic	ara	LDC2016T24
"
      "	Egyptian Arabic	arz	LDC2016T24
"
      "	Standard Arabic	arb	LDC2017S02
"
      "	Standard Arabic	arb	LDC2017T04
"
      "	Haitian	hat	LDC2017S03
"
      "	English	eng	LDC2017S04
"
      "	Swahili (individual language)	swh	LDC2017S05
"
      "	Swahili	swa	LDC2017S05
"
      "	Mandarin Chinese	cmn	LDC2017T05
"
      "	English	eng	LDC2017T05
"
      "	Chinese	zho	LDC2017T05
"
      "	English	eng	LDC2017T06
"
      "	Mandarin Chinese	cmn	LDC2017T06
"
      "	Chinese	zho	LDC2017T06
"
      "	Lao	lao	LDC2017S08
"
      "	English	eng	LDC2017S06
"
      "	English	eng	LDC2017S07
"
      "	Egyptian Arabic	arz	LDC2017T07
"
      "	Arabic	ara	LDC2017T07
"
      "	English	eng	LDC2017T08
"
      "	English	eng	LDC2017T09
"
      "	Spanish	spa	LDC2017T09
"
      "	Turkish	tur	LDC2017S09
"
      "	English	eng	LDC2017V01
"
      "	Chinese	zho	LDC2017V01
"
      "	English	eng	LDC2017S10
"
      "	English	eng	LDC2017T10
"
      "	English	eng	LDC2017S11
"
      "	Standard Arabic	arb	LDC2017S12
"
      "	Arabic	ara	LDC2017S12
"
      "	English	eng	LDC2017T11
"
      "	Tamil	tam	LDC2017S13
"
      "	Bengali	ben	LDC2017S14
"
      "	Hindi	hin	LDC2017S14
"
      "	Western Panjabi	pnb	LDC2017S14
"
      "	Tamil	tam	LDC2017S14
"
      "	Urdu	urd	LDC2017S14
"
      "	Arabic	ara	LDC2017S15
"
      "	Standard Arabic	arb	LDC2017S15
"
      "	Arabic	ara	LDC2017T12
"
      "	Standard Arabic	arb	LDC2017T12
"
      "	English	eng	LDC2017S17
"
      "	English	eng	LDC2017T13
"
      "	Chinese	zho	LDC2017T13
"
      "	Mandarin Chinese	cmn	LDC2017T13
"
      "	English	eng	LDC2017S18
"
      "	Zulu	zul	LDC2017S19
"
      "	German	deu	LDC2018T05
"
      "	Literary Chinese	lzh	LDC2017T14
"
      "	South Levantine Arabic	ajp	LDC2017S20
"
      "	North Levantine Arabic	apc	LDC2017S20
"
      "	Persian	fas	LDC2017S20
"
      "	English	eng	LDC2017T15
"
      "	English	eng	LDC2017T16
"
      "	English	eng	LDC2017S21
"
      "	Northern Kurdish	kmr	LDC2017S22
"
      "	English	eng	LDC2017T17
"
      "	Chinese	zho	LDC2017T17
"
      "	Mandarin Chinese	cmn	LDC2017T17
"
      "	Spanish	spa	LDC2017S23
"
      "	English	eng	LDC2017S24
"
      "	Mandarin Chinese	cmn	LDC2017T18
"
      "	Chinese	zho	LDC2017T18
"
      "	Mandarin Chinese	cmn	LDC2017S25
"
      "	Chinese	zho	LDC2017S25
"
      "	Basque	eus	LDC2018T06
"
      "	Catalan	cat	LDC2018T06
"
      "	Czech	ces	LDC2018T06
"
      "	Turkish	tur	LDC2018T06
"
      "	Modern Greek (1453-)	ell	LDC2018T07
"
      "	Hungarian	hun	LDC2018T07
"
      "	Italian	ita	LDC2018T07
"
      "	Standard Arabic	arb	LDC2018T08
"
      "	English	eng	LDC2018T08
"
      "	English	eng	LDC2018S01
"
      "	Spanish	spa	LDC2018T01
"
      "	Mandarin Chinese	cmn	LDC2018T02
"
      "	French	fra	LDC2018T02
"
      "	Tok Pisin	tpi	LDC2018S02
"
      "	Dari	prs	LDC2018S03
"
      "	Persian	fas	LDC2018S03
"
      "	Pushto	pus	LDC2018S03
"
      "	English	eng	LDC2018T03
"
      "	Amharic	amh	LDC2018T04
"
      "	English	eng	LDC2018T04
"
      "	English	eng	LDC2018T09
"
      "	Somali	som	LDC2018T11
"
      "	English	eng	LDC2018T11
"
      "	Egyptian Arabic	arz	LDC2018T10
"
      "	English	eng	LDC2018T12
"
      "	Arabic	ara	LDC2018T13
"
      "	Standard Arabic	arb	LDC2018T13
"
      "	French	fra	LDC2018T13
